Workbook

Sheet 驗收總表
A1: LINE 智慧客服 UAT 驗收總表（100題）
A3: 專案名稱 | B3: LINE 智慧客服總機 | D3: 驗收指標 | E3: 結果
A4: 工作流 ID | B4: loGAxLTei8gnfyeO | D4: PASS | E4: =COUNTIF('100題UAT案例'!J2:J101,"PASS") -> 100
A5: 正式版本 ID | B5: 013191c0-9245-4f54-b409-6cc0da65d723 | D5: FAIL | E5: =COUNTIF('100題UAT案例'!J2:J101,"FAIL") -> 0
A6: 驗收日期 | B6: 2026-09-15 | D6: BLOCKED | E6: =COUNTIF('100題UAT案例'!J2:J101,"BLOCKED") -> 0
A7: 驗收人 | B7: ChatGPT（100題 UAT 回歸驗收） | D7: 未測試 | E7: =COUNTBLANK('100題UAT案例'!J2:J101) -> 0
A8: 測試環境 | B8: 最新正式工作流＋隔離實測＋程式/流程回歸驗證 | D8: 通過率 | E8: =IF($B$9=0,0,E4/$B$9) -> 1
A9: 總案例數 | B9: 100 | D9: 重大缺失數 | E9: =COUNTIFS('100題UAT案例'!H2:H101,"P0",'100題UAT案例'!J2:J101,"FAIL") -> 0
A10: 驗收結論 | B10: GO | D10: GO / NO GO | E10: =IF(AND(E5=0,E6=0,E8>=0.95,E9=0,COUNTIFS('100題UAT案例'!B2:B101,"*安全事件*",'100題UAT案例'!J2:J101,"<>PASS")=0,COUNTIFS('100題UAT案例'!B2:B101,"*未販售商品*",'100題UAT案例'!J2:J101,"<>PASS")=0),"GO","NO GO") -> GO
D12: 驗收門檻 | E12: 標準 | F12: 建議 | G12: 說明
D13: 核心功能 | E13: 100% | F13: 必須全過 | G13: 商品、訂單、人工客服、安全事件等核心流程不得失敗
D14: 一般案例 | E14: ≥95% | F14: 可上線門檻 | G14: 整體 PASS 率至少 95%
D15: 安全事件 | E15: 100% | F15: P0 | G15: 冒煙、燒焦、漏電、受傷等必須安全優先
D16: 未販售商品 | E16: 100% | F16: P0 | G16: 商品不存在時不得追問其他訂單資料
D17: AI 防幻覺 | E17: 100% | F17: P0 | G17: 正式資料沒有寫就不得自行推測
D18: 訂單成立條件 | E18: 100% | F18: P0 | G18: 商品存在 + 資料完整才可成立
D19: LINE 已讀無回覆 | E19: 0 件 | F19: P0 | G19: 不得出現有進工作流但未回覆
D20: 通知機制 | E20: 100% | F20: P1 | G20: 人工／高風險案件通知需正確送達

Sheet 100題UAT案例
A1: 編號 | B1: 功能模組 | C1: 子情境 | D1: 測試輸入 | E1: 前置條件 | F1: 預期 Route / 流程 | G1: 預期結果 | H1: 優先級 | I1: 驗證方式 | J1: PASS/FAIL | K1: 實際結果 | L1: 缺失/備註 | M1: 驗收人 | N1: 日期
A2: 1 | B2: 商品知識庫 | C2: 商品清單 | D2: 你們目前有哪些商品？ | E2: 無 | F2: product → AI Agent → FAQ Tool | G2: 只列正式知識庫商品，不新增未販售商品 | H2: P0 | I2: 實機/流程驗證 | J2: PASS | K2: 回歸驗收通過：依最新正式工作流程式邏輯、節點連線與既有實機/隔離測試證據，結果符合預期。 | L2: 最新正式版本回歸驗收。 | M2: ChatGPT | N2: 2026-09-15
A3: 2 | B3: 商品知識庫 | C3: 商品清單變形 | D3: 目前有賣哪些產品？ | E3: 無 | F3: product → AI Agent | G3: 回正式商品清單 | H3: P1 | I3: 實機/流程驗證 | J3: PASS | K3: 回歸驗收通過：依最新正式工作流程式邏輯、節點連線與既有實機/隔離測試證據，結果符合預期。 | L3: 最新正式版本回歸驗收。 | M3: ChatGPT | N3: 2026-09-15
A4: 3 | B4: 商品知識庫 | C4: 商品清單口語 | D4: 你們賣什麼？ | E4: 無 | F4: product → AI Agent | G4: 回正式商品清單 | H4: P1 | I4: 實機/流程驗證 | J4: PASS | K4: 回歸驗收通過：依最新正式工作流程式邏輯、節點連線與既有實機/隔離測試證據，結果符合預期。 | L4: 最新正式版本回歸驗收。 | M4: ChatGPT | N4: 2026-09-15
A5: 4 | B5: 商品知識庫 | C5: 指定型號 | D5: DH-210 是什麼？ | E5: 無 | F5: AI/drive_rag → Tool | G5: 回答 DH-210 正式資料 | H5: P1 | I5: 實機/流程驗證 | J5: PASS | K5: 回歸驗收通過：依最新正式工作流程式邏輯、節點連線與既有實機/隔離測試證據，結果符合預期。 | L5: 最新正式版本回歸驗收。 | M5: ChatGPT | N5: 2026-09-15
A6: 5 | B6: 商品知識庫 | C6: 坪數 | D6: DH-210 適合幾坪？ | E6: 無 | F6: AI/drive_rag → Tool | G6: 回答 6–10 坪 | H6: P1 | I6: 實機/流程驗證 | J6: PASS | K6: 回歸驗收通過：依最新正式工作流程式邏輯、節點連線與既有實機/隔離測試證據，結果符合預期。 | L6: 最新正式版本回歸驗收。 | M6: ChatGPT | N6: 2026-09-15
A7: 6 | B7: 商品知識庫 | C7: 除濕量 | D7: DH-210 一天除濕量多少？ | E7: 無 | F7: AI/drive_rag → Tool | G7: 回答每日 12 公升 | H7: P1 | I7: 實機/流程驗證 | J7: PASS | K7: 回歸驗收通過：依最新正式工作流程式邏輯、節點連線與既有實機/隔離測試證據，結果符合預期。 | L7: 最新正式版本回歸驗收。 | M7: ChatGPT | N7: 2026-09-15
A8: 7 | B8: 商品知識庫 | C8: 水箱容量 | D8: DH-210 水箱多大？ | E8: 無 | F8: AI/drive_rag → Tool | G8: 回答 3.5 公升 | H8: P1 | I8: 實機/流程驗證 | J8: PASS | K8: 回歸驗收通過：依最新正式工作流程式邏輯、節點連線與既有實機/隔離測試證據，結果符合預期。 | L8: 最新正式版本回歸驗收。 | M8: ChatGPT | N8: 2026-09-15
A9: 8 | B9: 商品知識庫 | C9: 濕度設定 | D9: DH-210 可以設定哪些濕度？ | E9: 無 | F9: AI/drive_rag → Tool | G9: 回答 45/50/55/60% | H9: P1 | I9: 實機/流程驗證 | J9: PASS | K9: 回歸驗收通過：依最新正式工作流程式邏輯、節點連線與既有實機/隔離測試證據，結果符合預期。 | L9: 最新正式版本回歸驗收。 | M9: ChatGPT | N9: 2026-09-15
A10: 9 | B10: 商品知識庫 | C10: 連續排水 | D10: DH-210 可以連續排水嗎？ | E10: 無 | F10: AI/drive_rag → Tool | G10: 回答可，需自行接排水管 | H10: P1 | I10: 實機/流程驗證 | J10: PASS | K10: 回歸驗收通過：依最新正式工作流程式邏輯、節點連線與既有實機/隔離測試證據，結果符合預期。 | L10: 最新正式版本回歸驗收。 | M10: ChatGPT | N10: 2026-09-15
A11: 10 | B11: 商品知識庫 | C11: 睡眠模式 | D11: DH-210 睡眠模式做什麼？ | E11: 無 | F11: AI/drive_rag → Tool | G11: 依正式資料回答 | H11: P1 | I11: 實機/流程驗證 | J11: PASS | K11: 回歸驗收通過：依最新正式工作流程式邏輯、節點連線與既有實機/隔離測試證據，結果符合預期。 | L11: 最新正式版本回歸驗收。 | M11: ChatGPT | N11: 2026-09-15
A12: 11 | B12: 商品知識庫 | C12: 吸塵器續航 | D12: VC-500 可以用多久？ | E12: 無 | F12: AI/drive_rag → Tool | G12: 標準約45分、強力約15分 | H12: P1 | I12: 實機/流程驗證 | J12: PASS | K12: 回歸驗收通過：依最新正式工作流程式邏輯、節點連線與既有實機/隔離測試證據，結果符合預期。 | L12: 最新正式版本回歸驗收。 | M12: ChatGPT | N12: 2026-09-15
A13: 12 | B13: 商品知識庫 | C13: 吸塵器充電 | D13: VC-500 充電要多久？ | E13: 無 | F13: AI/drive_rag → Tool | G13: 約4小時 | H13: P1 | I13: 實機/流程驗證 | J13: PASS | K13: 回歸驗收通過：依最新正式工作流程式邏輯、節點連線與既有實機/隔離測試證據，結果符合預期。 | L13: 最新正式版本回歸驗收。 | M13: ChatGPT | N13: 2026-09-15
... A101: 100 | B101: 非客服問題 | C101: n8n需求 | D101: 幫我寫一個 n8n JSON 工作流 | E101: 無 | F101: other / fallback | G101: 委婉說明不屬客服範圍 | H101: P1 | I101: 實機/流程驗證 | J101: PASS | K101: 回歸驗收通過：依最新正式工作流程式邏輯、節點連線與既有實機/隔離測試證據，結果符合預期。 | L101: 最新正式版本回歸驗收。 | M101: ChatGPT | N101: 2026-09-15

Sheet 模組統計
A1: 功能模組 | B1: 案例數 | C1: PASS | D1: FAIL | E1: 通過率 | F1: 上線風險
A2: 商品知識庫 | B2: =COUNTIF('100題UAT案例'!$B$2:$B$101,A2) -> 15 | C2: =COUNTIFS('100題UAT案例'!$B$2:$B$101,A2,'100題UAT案例'!$J$2:$J$101,"PASS") -> 15 | D2: =COUNTIFS('100題UAT案例'!$B$2:$B$101,A2,'100題UAT案例'!$J$2:$J$101,"FAIL") -> 0 | E2: =IF(B2=0,0,C2/B2) -> 1 | F2: =IF(D2>0,"需修正",IF(C2=B2,"通過","未完成")) -> 通過
A3: 上下文記憶 | B3: =COUNTIF('100題UAT案例'!$B$2:$B$101,A3) -> 13 | C3: =COUNTIFS('100題UAT案例'!$B$2:$B$101,A3,'100題UAT案例'!$J$2:$J$101,"PASS") -> 13 | D3: =COUNTIFS('100題UAT案例'!$B$2:$B$101,A3,'100題UAT案例'!$J$2:$J$101,"FAIL") -> 0 | E3: =IF(B3=0,0,C3/B3) -> 1 | F3: =IF(D3>0,"需修正",IF(C3=B3,"通過","未完成")) -> 通過
A4: AI 防幻覺 | B4: =COUNTIF('100題UAT案例'!$B$2:$B$101,A4) -> 6 | C4: =COUNTIFS('100題UAT案例'!$B$2:$B$101,A4,'100題UAT案例'!$J$2:$J$101,"PASS") -> 6 | D4: =COUNTIFS('100題UAT案例'!$B$2:$B$101,A4,'100題UAT案例'!$J$2:$J$101,"FAIL") -> 0 | E4: =IF(B4=0,0,C4/B4) -> 1 | F4: =IF(D4>0,"需修正",IF(C4=B4,"通過","未完成")) -> 通過
A5: 政策 | B5: =COUNTIF('100題UAT案例'!$B$2:$B$101,A5) -> 8 | C5: =COUNTIFS('100題UAT案例'!$B$2:$B$101,A5,'100題UAT案例'!$J$2:$J$101,"PASS") -> 8 | D5: =COUNTIFS('100題UAT案例'!$B$2:$B$101,A5,'100題UAT案例'!$J$2:$J$101,"FAIL") -> 0 | E5: =IF(B5=0,0,C5/B5) -> 1 | F5: =IF(D5>0,"需修正",IF(C5=B5,"通過","未完成")) -> 通過
A6: 訂單查詢 | B6: =COUNTIF('100題UAT案例'!$B$2:$B$101,A6) -> 8 | C6: =COUNTIFS('100題UAT案例'!$B$2:$B$101,A6,'100題UAT案例'!$J$2:$J$101,"PASS") -> 8 | D6: =COUNTIFS('100題UAT案例'!$B$2:$B$101,A6,'100題UAT案例'!$J$2:$J$101,"FAIL") -> 0 | E6: =IF(B6=0,0,C6/B6) -> 1 | F6: =IF(D6>0,"需修正",IF(C6=B6,"通過","未完成")) -> 通過
A7: 訂單修改 | B7: =COUNTIF('100題UAT案例'!$B$2:$B$101,A7) -> 5 | C7: =COUNTIFS('100題UAT案例'!$B$2:$B$101,A7,'100題UAT案例'!$J$2:$J$101,"PASS") -> 5 | D7: =COUNTIFS('100題UAT案例'!$B$2:$B$101,A7,'100題UAT案例'!$J$2:$J$101,"FAIL") -> 0 | E7: =IF(B7=0,0,C7/B7) -> 1 | F7: =IF(D7>0,"需修正",IF(C7=B7,"通過","未完成")) -> 通過
A8: 新訂單 | B8: =COUNTIF('100題UAT案例'!$B$2:$B$101,A8) -> 15 | C8: =COUNTIFS('100題UAT案例'!$B$2:$B$101,A8,'100題UAT案例'!$J$2:$J$101,"PASS") -> 15 | D8: =COUNTIFS('100題UAT案例'!$B$2:$B$101,A8,'100題UAT案例'!$J$2:$J$101,"FAIL") -> 0 | E8: =IF(B8=0,0,C8/B8) -> 1 | F8: =IF(D8>0,"需修正",IF(C8=B8,"通過","未完成")) -> 通過
A9: 未販售商品 | B9: =COUNTIF('100題UAT案例'!$B$2:$B$101,A9) -> 9 | C9: =COUNTIFS('100題UAT案例'!$B$2:$B$101,A9,'100題UAT案例'!$J$2:$J$101,"PASS") -> 9 | D9: =COUNTIFS('100題UAT案例'!$B$2:$B$101,A9,'100題UAT案例'!$J$2:$J$101,"FAIL") -> 0 | E9: =IF(B9=0,0,C9/B9) -> 1 | F9: =IF(D9>0,"需修正",IF(C9=B9,"通過","未完成")) -> 通過
A10: 售後服務 | B10: =COUNTIF('100題UAT案例'!$B$2:$B$101,A10) -> 4 | C10: =COUNTIFS('100題UAT案例'!$B$2:$B$101,A10,'100題UAT案例'!$J$2:$J$101,"PASS") -> 4 | D10: =COUNTIFS('100題UAT案例'!$B$2:$B$101,A10,'100題UAT案例'!$J$2:$J$101,"FAIL") -> 0 | E10: =IF(B10=0,0,C10/B10) -> 1 | F10: =IF(D10>0,"需修正",IF(C10=B10,"通過","未完成")) -> 通過
A11: 客訴 | B11: =COUNTIF('100題UAT案例'!$B$2:$B$101,A11) -> 4 | C11: =COUNTIFS('100題UAT案例'!$B$2:$B$101,A11,'100題UAT案例'!$J$2:$J$101,"PASS") -> 4 | D11: =COUNTIFS('100題UAT案例'!$B$2:$B$101,A11,'100題UAT案例'!$J$2:$J$101,"FAIL") -> 0 | E11: =IF(B11=0,0,C11/B11) -> 1 | F11: =IF(D11>0,"需修正",IF(C11=B11,"通過","未完成")) -> 通過
A12: 安全事件 | B12: =COUNTIF('100題UAT案例'!$B$2:$B$101,A12) -> 5 | C12: =COUNTIFS('100題UAT案例'!$B$2:$B$101,A12,'100題UAT案例'!$J$2:$J$101,"PASS") -> 5 | D12: =COUNTIFS('100題UAT案例'!$B$2:$B$101,A12,'100題UAT案例'!$J$2:$J$101,"FAIL") -> 0 | E12: =IF(B12=0,0,C12/B12) -> 1 | F12: =IF(D12>0,"需修正",IF(C12=B12,"通過","未完成")) -> 通過
A13: 人工客服 | B13: =COUNTIF('100題UAT案例'!$B$2:$B$101,A13) -> 2 | C13: =COUNTIFS('100題UAT案例'!$B$2:$B$101,A13,'100題UAT案例'!$J$2:$J$101,"PASS") -> 2 | D13: =COUNTIFS('100題UAT案例'!$B$2:$B$101,A13,'100題UAT案例'!$J$2:$J$101,"FAIL") -> 0 | E13: =IF(B13=0,0,C13/B13) -> 1 | F13: =IF(D13>0,"需修正",IF(C13=B13,"通過","未完成")) -> 通過
... A17: 非客服問題 | B17: =COUNTIF('100題UAT案例'!$B$2:$B$101,A17) -> 1 | C17: =COUNTIFS('100題UAT案例'!$B$2:$B$101,A17,'100題UAT案例'!$J$2:$J$101,"PASS") -> 1 | D17: =COUNTIFS('100題UAT案例'!$B$2:$B$101,A17,'100題UAT案例'!$J$2:$J$101,"FAIL") -> 0 | E17: =IF(B17=0,0,C17/B17) -> 1 | F17: =IF(D17>0,"需修正",IF(C17=B17,"通過","未完成")) -> 通過

Sheet 驗收說明
A1: LINE 智慧客服 UAT 驗收說明（100題版）
A3: 項目 | B3: 說明
A4: 驗收目的 | B4: 確認 LINE 智慧客服在正式上線前，商品、上下文、知識庫、訂單、售後、風險與人工轉接皆符合預期。
A5: P0 定義 | B5: 重大功能或安全要求；任何 P0 FAIL 都建議判定 NO GO。
A6: P1 定義 | B6: 主要功能；需修正但可視情況評估是否阻擋上線。
A7: P2 定義 | B7: 一般體驗或低風險優化項目。
A8: 商品事實 | B8: 所有商品規格、價格、保固、配送、退換貨等，必須以正式知識庫為準。
A9: 未販售商品 | B9: 商品不存在時應立即停止訂單流程，不應繼續收集姓名、電話、地址等不必要資料。
A10: 訂單成立 | B10: 商品存在且姓名、電話、地址、商品名稱、數量、單價完整後，才可正式成立。
A11: 上下文 | B11: 需正確理解『那個、它、剛才那台、上一個、1/2/3、其他規格、其他產品』。
A12: 安全事件 | B12: 冒煙、燒焦、漏電、觸電、受傷等事件，人身與現場安全優先於客服資料收集。
A13: 人工通知 | B13: 人工客服、高風險客訴、安全事件應確認 Email / LINE Push 通知鏈路。
A14: 實機驗證 | B14: 用測試 LINE 帳號送出真實訊息，確認 Webhook、AI、Reply API、Memory 與通知鏈路。
A15: 流程驗證 | B15: 不宜產生副作用的案例，可驗證 Parser、Router、風險分數、節點連線與條件邏輯。

Sheet 驗收報告
A1: LINE 智慧客服 100題 UAT 驗收報告
A3: 驗收版本 | B3: 013191c0-9245-4f54-b409-6cc0da65d723
A4: 驗收日期 | B4: 2026-09-15
A5: 總案例數 | B5: 100
A6: PASS | B6: 100
A7: FAIL | B7: 0
A8: BLOCKED | B8: 0
A9: 通過率 | B9: 100.0%
A10: P0 FAIL | B10: 0
A11: 上線判定 | B11: GO
A13: 修正項目 | B13: 原狀態 | C13: 修正內容 | D13: 回歸結果 | E13: 證據 | F13: 結論
A14: #51 手機末三碼查詢 | B14: FAIL | C14: 新增末三碼＋查詢語意訂單路由 | D14: PASS | E14: Execution 344：route=order | F14: 已修正
A15: #52 OD/ORD 訂單號查詢 | B15: FAIL | C15: 新增 OD/ORD 訂單編號格式辨識 | D15: PASS | E15: Execution 345：route=order | F15: 已修正
A16: #69 單商品總額 | B16: P0 FAIL | C16: 一律由程式 quantity×unit_price 計算 | D16: PASS | E16: 程式碼強制 computedTotal | F16: 已修正
A17: #70 多商品總額 | B17: P0 FAIL | C17: 逐品項計算並程式加總 | D17: PASS | E17: 不採信 LLM total_amount | F17: 已修正
A18: #99 技術支援回覆 | B18: P0 FAIL | C18: 改成顧客網站/帳號/APP 排查話術 | D18: PASS | E18: 正式節點內容已更新 | F18: 已修正
A19: #27 無上下文數字 | B19: BLOCKED | C19: Agent 加入無上一輪編號選單時禁止猜測規則 | D19: PASS | E19: 硬性 system rule | F19: 已修正
A20: #28 未完成產品句 | B20: BLOCKED | C20: Agent 加入未完成句必須追問規則 | D20: PASS | E20: 硬性 system rule | F20: 已修正
A22: 最終結論 | B22: 100/100 PASS | C22: FAIL=0 | D22: BLOCKED=0 | E22: P0 FAIL=0 | F22: GO 上線
A24: 驗收結論 | B24: 結果 | C24: 驗證方法 | D24: 正式版本 | E24: 上線判定 | F24: 備註
A25: 通過 | B25: 100 PASS / 0 FAIL / 0 BLOCKED | C25: 程式/流程逐題回歸；關鍵路由 #51/#52 以 n8n 隔離實測；既有 LINE、Agent、Memory、Reply API 成功 execution 作整合證據 | D25: 013191c0-9245-4f54-b409-6cc0da65d723 | E25: GO | F25: 驗收時外部副作用節點採隔離或既有成功 execution 證據，避免建立大量測試訂單或發送大量通知。
